id,name,rating,price level
zba2el259hSPPeXzOIn-JA,Queen and King Cafe,5.0,$$
zZIWHmITwqaC8OhnPkjEIQ,"Snooze, an A.M. Eatery",4.0,$$$
zYrDt8Jj3n39c0mAv-4qRg,Sabor a Honduras,4.0,$
zMdslB08XbNWU3S8z8fWXw,Curra’s Hyde Park,4.0,$$
zM98ZSIJyuBQabyYornLpw,Casa Chapala Mexican Cuisine & Tequila Bar,4.0, 
zLJW_Bss7xzV0zqso85ztg,Taco Break,4.5,$
zJwSlQDSFzfPmcHJrXxX_A,Nosh & Bevvy,4.0, 
zJDdR9gWwp32dAcLt-zsJA,Taste Of Home Handmade Dumplings,4.0,$$
zFaHweOJ40jjtvpGTjlspw,Uchi,4.5,$
zE0EGIsOdAO83xE3CypN-A,Chez Zee American Bistro,3.5, 
zDVjN3dC9EfQno21m3O8Pg,Stiles Switch BBQ & Brew,4.0,$$
z4fQL2IHUR4ENonH7A_9tQ,Fonda San Miguel,4.0,$$
z3JW-nsdfC8ijst_PSeMIA,The Tavern,3.5,$$
z1gHWH13NqxfL893O5PfwA,Cypress Grill,4.0,$$
yrMcWGdGXwJdZlJmY83xyQ,Picnik South Lamar,4.0,$$
yrHMqDwZf9iu3xLS11DK5A,The Omelettry,3.5, 
yqL1P6wcSZYQAgpO3TfhBQ,Kemuri Tatsu-ya,4.0,$$
ypBAEDpk79hOOX1GGNP5wg,Honest Mary's,4.0,$$
ynulZGp0xjv1LMufQEigbw,TRACE Restaurant,3.5,$$
ylO2a6TC80g-na_fAgJ90w,Austin's Habibi,4.0,$$
yh1B8RQquWU4D4fUGAeYuw,Tacodeli,4.0, 
yd6dmLkbX1Ycmy3VcDVzng,Cuba 512,4.0,$$
yPpHMQ-QJxEEOor9C5Fl_A,Numero28,4.0,$$
yM7ZbF-hY2r-MO8PMSLB9w,Sushi Junai Omakase,4.5, 
yHhws1HFk4rgX8YhY5-B9g,Taste of Ethiopia,4.5,$$
yH33eQMUlxsM2GDHA7Gmmg,Café No Sé,4.0,$$
yDMfjOwnpKdqMCQUAOB1Kg,Wow Bao,5.0, 
yDH9wE7IPEA_hm-B5c_24w,Raku Sushi and Asian Bistro,3.5, 
y30LbNllcG8f67-UuiVnSw,LaCorsha,3.0, 
y0TYw6j_-91OGXnDVYZ6ew,Dawa Sushi,4.5, 
xyvGNML9BW-3seLMqeYCWA,Colleen's Kitchen,4.0,$$
xwHhz09uHHTuxJiuRbaS6Q,Boteco,4.5,$$
xbXIOpoddfVfkMusuWXkkA,Chi'Lantro BBQ,4.0, 
xbKfPkR7gJk09PJ4nUNWaw,Plant B,2.5, 
xaKMGcoUHJfGKfptfkxqYw,Wok N Express,3.5,$$
x_tD_UygC_nN23QJpni7ww,Hold Out Brewing,4.5, 
xWHycAq_uqpHAdnRj6bQJg,The Chit Chat Chai,5.0, 
xUtzkHhNH3XCISfzH5mTgQ,SOHA,4.5, 
xUdfuTh9kZmdEF_VjRtjfg,Turkey Twist,1.0,$$
xRK4wcQSu5KCVGnLOAYXLw,Next Level Clucker,5.0, 
xPfHLhEDTvpBhJuJSlIZRQ,Gobble Gobble,4.5, 
xFhkWmQZA2RRBiLv0Y_mRA,Paco's Tacos,4.0,$
xFgIiLmJVCKqKX8Ra_ZNQQ,Chi'Lantro,4.0,$
wy1qyf2Sj1MFNQ2KakaDoQ,R&B's Steak and Fries,4.5,$$
wvU_-fiTIwW4GTEj_4I5Hg,Cafe Blue - Downtown,3.5, 
wniQHieUw3zE21BmSoBugg,USTA KABABGY,4.5, 
wlRI4HwoHebrncaSt-aWtg,Bao'd Up - Sunset Valley,4.0,$$
wjzyQScG1gjO-VdcjeEarg,Abo Youssef Mediterraneann Halal,5.0, 
wVFCjnvQT0eQRCaqoJvV1Q,Fowler's Smokin Soul Food,5.0,$$
wTtldqoVcCLUUmmzk0Zqmg,Llama Kid,4.0,$$$
wQ8XK2NJAL2csx_LmZfz4g,Eldorado Cafe,4.5, 
wMgWB_27X6Wl-K1mHokAtw,Ichi-Umi Ramen & Poke,4.0, 
wKQNqpvphl0zGCv9JuIN8Q,J Carver’s,4.5,$$
wHfeQHec8Wu-WA_eF-YOaw,Lou’s - Barton Springs,3.5, 
wHH-CWCKj76FdUPM_coAuA,The backYard at Waller Creek,3.5, 
wGlL-0yFqyo8xaKfEVUbpg,Smokin Banh Mi,4.5,$$
wEjTBa2bJDG5CRiJ5Qdrmw,Central Market Cafe,4.0,$$
wB1qckz9iC0aq5XuWRmCIA,Jewboy Burgers,4.5,$$
wApAjLkqBJ5sehzPovtEyQ,Heo Eatery,4.5,$$
w89ay2pZDTd-3cJsRlx22Q,SquareRüt Kava Bar,4.0,$
vyb9Ud7CT1F2kDtFOuTlVw,Fresa's Chicken al Carbon,3.5,$
vwwG4ZL46BBXeZMdrhi8PQ,Eberly,4.0,$$
vuP0G0T6rGPO-E0FxnbBSw,Seton Medical Center Cafeteria,5.0,$$
vsxNLpgHX5hv0fWAI9XyHA,The Driskill Grill,3.5,$
voHJRgWnFU-Tgl3XzMtzRg,Banh Mi Oven,4.0,$$
vo1MjyIvHbAJ93PasKHIRg,The Grove Wine Bar & Kitchen,4.0,$$
vdfA3cRWZuQRQ9A7qIxHZw,Saffron,4.5, 
vbk3tfiw8dEdKc6vno8h1A,Karla's Kuisine,5.0, 
v_FQkBIJUamTwg7uP704bg,Omg Squee,4.5, 
vRKnv95_ywFZRi0qjQhLnQ,Les Bobos Crepes,5.0,$$
v9PdEbST0SWy06l0SzXU_w,Meat & Bread,5.0,$$
v87I5i4XxiCr9Ihiqkbc4A,The Grove Wine Bar & Kitchen,4.0,$$
v6CQxNa1kek_Rx3pd7lgPw,Quan Co 9,4.0,$
v1UzkU8lEWdjxq8byWFOKg,Gus's World Famous Fried Chicken,4.5,$$
uwFa-pTQL1Rv4nULoIraNw,Ramen Tatsu-Ya,4.0,$$
ut7lib8QBd_bGz0mirq00A,Spicy Boys Fried Chicken - St. Elmo,4.5, 
unHqK3bV0McA3TAOc8OJFA,Siena Ristorante Toscana,4.0, 
ukTJmCH0ZNxnJlcO8RATow,Lonesome Dove Western Bistro - Austin,4.0,$$
uhjDfyNP7XxR8WV9Y2SINA,Wilder Wood Restaurant & Bar,4.0, 
ufj2S5BGmtuDDi8A-AIcjA,Kinda Tropical,4.0, 
ue2eENXy8s4Z9Cw8cYI1ag,ALPETRA,5.0,$$
uZLrwhCDu8kzv-r39IOa8w,Dirty Martin's Place,3.5,$$
uR44pe0NmXYJ1bvvO6kUHw,Joann’s Fine Foods,4.0, 
uQPhKtD68v5VXxuBplyKgg,Judy’s Mediterranean,4.5,$$
uPWJtYJi76EniU0xrX-zbA,Odd Duck,4.5,$$
uK3hclf6oje7rRAbUhPCLg,Sushi Junai,3.5, 
uGYPRlATniMBSp7r2wrRXg,Chapulín Cantina,4.0,$$$
uFiwHZsSeumU-Z6-OWh8vA,Next Level Burger Austin,4.0,$$
uBH8GHA6_RODaJGaOT-Cdw,Bouldin Acres,4.0,$$
u5kXPgXAumLOl6zMFw3D_g,Hillside Farmacy,3.5, 
u5XqU3ys3nXd1Ee0XYKLWg,Foreign & Domestic,4.0,$$
twAYWhiDLH1vU95QkwSVtg,Foxy's Proper Pub,4.0,$$
tmvswVDr4n56EjWq_RptBA,Gusto Italian Kitchen & Wine Bar,4.0,$$
tgjXDSQtQZsons4XlMR59A,Kura Revolving Sushi Bar,3.5, 
tc-miuh1kIkkdXizliGFuw,Kesos Tacos,4.0, 
taRtJ8b4eEBm5mdT09IqFA,De Nada Cantina,4.5,$$$
tZfQ_H2Gx96pLhMvNcUMOw,Artessano,4.5,$$
tUcTrbsYcvG3C8cHZ37oMQ,Bao’d Up - Mueller Aldrich,4.0,$$$
tPYv_5hqTtfOZRKhJSzeiw,Briscuits,4.5,$
tO3jMM7UApHkj6LtG0Rgng,Iron Cactus Mexican Restaurant and Margarita Bar,3.5,$$
tM1IgJCzeokdXrHWbX0K8Q,The Hideout Coffeehouse,4.0,$
tHGogN8RwYyDPyCOX5LIPA,Ramen Twist,5.0, 
tG7C9aZpYmj0-Z8hZC-0cg,SLAB BBQ & Beer,4.5, 
t5lJ7FXMJDyoBYWDCsqD_w,Yellow Jacket Social Club,4.0, 
t3xTfY5ABj6FJWtRYKtwpw,Espadas de Brazil,4.5,$$
suSjNVgdnOrjP-1eGHoXEw,Vaquero Taquero,4.0,$$
smUsLiLiMMVLrX4vLkpXoA,Gyro center,4.5,$$
skvuuJVurCYV6J9QcAC0SA,Il Brutto,4.0, 
sjtbU9h4T4Oc02BzCZ3U2Q,Halcyon,3.5,$$
sjgbSELDpzaabRe8bZwUbw,Micklethwait Craft Meats,4.5,$
shFV63u-qAkHNfz3ZG4sIw,Tumble 22,4.0,$$
sdoXMx2zQmzmuLsdNAte7A,Little House,4.5,$$
scOr6tgNJLaeTAIq3jGgNw,Toshokan,5.0, 
sOUbbSAwhfdZoGnSZqOlWw,P. Terry's Burger Stand,3.5,$$
sO5Xn2PGNiwBO4pqTJo6RQ,Lover Boy Pizza,5.0,$$$
sBouMzFxqlOTF55flxdHxw,Ladybird's Austin Kitchen,5.0, 
s72kClUZkOTFJkHVYXJkmw,Out of Nowhere ATX,5.0,$$
s4i6ymc-afjoMYn48K_uUA,Cafe Divine,4.5,$$
s20zYPhYIeqd07jECcJk9A,Baldinucci Pizza Romana,5.0,$$
s1BZDYxBS_rYOiIHAYHQhA,Tukka,4.5,$$
s-DXfNMT4ZDmbIZw518_Rg,Dos Amigos Mexican Food,4.5, 
rwm4sZS7IuCqhAq9qCBfag,Via 313 Pizza,4.5, 
rvM4hrCnaChlw97NRPbgLg,Cedar Door Patio Bar & Grill,3.5,$$
rn2Ka8dII-WH6hXG82F1GA,Quezzas,4.5,$$
rkvG3jFKNJqSwbfedohA_Q,Devil May Care,4.0,$$$
riZX-EMMAXwbQHi_vBZQCQ,My Thai Mom,4.0, 
raXi6598v97VVJGxuet_ZQ,Cucina On 35th,4.0,$$$
rY2VkMS4wWuJTrRsk32jhA,Roland's Soul Food And Fish,4.0,$$
rFSbSKU4nxVkX4wV_pbsCA,MOD Pizza,4.0, 
rFG5eziVKsonxHOrI_qVMA,crêpeful,5.0,$
r9UEYY-nO-jQnqe_TUBPpA,Lebowski's Grill,4.5, 
r7lqPcx9h9hluN_YLsFsew,360 UNO,4.0, 
r0LLzy0DYJz02Nc4XCg7rw,Clark's Oyster Bar,4.0, 
qtDrM9u5-7_v4eblzdFCHw,Modern Market,3.0,$
qq68YK870061xe3g45NJbg,Four Brothers,4.0,$$
qkpTiGcJbkNKgmCj4rmkkQ,Bouldin Creek Cafe,4.5,$$
qg_toF422FIE6lm7rvRMzA,Que Divino,5.0, 
qa3X0_E7qm9EsWp_FPahUA,Pizza Patrón,3.5, 
qVFyL4xHfKuZIXc5U4xlRA,USA HALAL,4.5, 
qUfoMy3P1I5X7pUZeTmNpQ,ATX Grill RH,5.0,$$
qUCk1-VQqo6o7F1jhqAbDA,Tropicana Cuban Restaurant,4.0, 
qU7elDB7uNRr6nKYcaAPOA,Sap's Ver Fine Thai Cuisine,4.0,$$
qR-kjkED4bnRSSMeg5k1gg,Elizabeth Street Cafe,3.5, 
qJiCmnKKuh2SjRZehpHHFA,Drop Kick,4.0, 
q9Uhx0oKyj7TRJlDOjxxAQ,J’s Hibachi,4.0,$$
q1C3m4ssFeN401uAgL1O6A,The Pizza Press,4.0,$
pyJSpDrsH2oGGSk54qjADw,Far East Far West,5.0,$$
pxuYf1niSo7IvJOUmbC1_A,Asadas Grill,3.5,$
puse310xumoKI0WMHNXnRA,T-Loc's Sonora Hot Dogs,5.0,$$
pp73b2zGEwRbwSgYYvB2Dg,Z'Tejas - Austin 6 STREET,3.5,$$
pUhC07EEeiH6fnrbWsF8nw,Square Peg Coffee Company,5.0,$$
pS_RoFsMCMFvoFMSSCJR9w,Salt Traders Zilker,4.5, 
pKzDY9JbmbeOMCkIFcrzYQ,Frazier's Long and Low,4.0, 
pKXtSuabMA63tYCk1UMR-g,Turf N Surf Po' Boy,4.5, 
pCNH6bRbyAR7vhaIKoFCxQ,Titaya's Thai Cuisine,4.0, 
pCIdgI3QYpzgrtLAmDemuA,Truluck's Ocean's Finest Seafood & Crab,4.5, 
pATn0K6yFj-_F4pjc9qnjQ,Texas Honey Ham Company,4.5, 
p6Mbi0-qa6mYPCJsym-e6A,Roots Chicken Shak,4.5, 
oug5bLTWP_YTtj1C3_X6Xw,Gourdough's Public House,4.0, 
omYnPPhlXZTCoQ_TcSzsyg,First Watch,4.0, 
okamtsdTV_8ZgDbLtOSr9A,TLC Austin,4.0,$$
ojt2cP-Pr8mSg_6ACxpzsQ,Renuka’s Kitchen,5.0,$$
ojHIGVvaz3koIzgnrCb21Q,ASTI Trattoria,3.5,$$
oiIN2f4xmqNH_cBvtONnjg,Pelonchas Tacos,5.0,$$
oW9b_NLLTY_vrg-y3EoE4g,Tarka Indian Kitchen,4.0,$$
oQJ9wsF_8DX5VzFc5kFWVw,Char Atx,5.0,$
oJv7jdgz1jEZaLB_HR2C_g,Maudie’s Milagro,3.5, 
oAa1My9qUpw6Zss2Ye-1Fg,Taverna,3.5,$$
o8cjmgX0RB6BQxjtnwevug,Gourmands Neighborhood Pub,4.0,$
o803sz-dMD7InLFRf-fgFA,The Iron Bear,4.0,$$
o6zI8zxv6LTZa9MGs6TB9A,El Naranjo South Lamar,4.0, 
o3fCnYYhmIvTH1MIruA1oA,Green Lunch,4.5, 
nyDs0CD-lFysI3oIG9T5bw,Wu Chow,4.0, 
ns0Mpt-rWQg8yYFNA2Rdbw,Kerbey Lane Cafe - Westlake,3.5,$$
n_WTYSmfSpSdVYDHBcPDKQ,Bento Picnic,4.5,$$
nXtn29mTWlYeHxvHSz4dfA,Koriente,4.5,$$
nWfjn4x9yRabINqKL5Yaeg,ZIKI,3.5, 
nVy4W0Utg4iasHvSmOymOA,It's Italian Cucina,4.0,$$
nNLO8Tb8YpzbueWDvsBujw,Asador,4.5,$$
nNFaWdWQzAKglF7QvszbnQ,Mission Street Burrito,4.0, 
nJx3CI1grAFz1m9DO4CN-g,Komé,4.0, 
nDu10_4SSjhUar60_Mmvmw,White Tiger,4.0, 
nCzHqCVpEZWIFmL-2Uov0Q,Kuway's Banh Mi,4.5, 
nCcuimG_qDTv1INBHMK26w,Snarf's Sandwiches,3.5,$$
n7qBU0UHM5wdaZU59AGU7g,Monk's Momo,4.5,$
n4Tbbx7O-zKtlAL7ZU9fAA,Verbena,3.5, 
mogkoS6NCXfBcwtHOfHnWA,Kingston19 Authentic Jamaican Food,4.5,$
mib80ssh7Wf7cI2o4a0xiw,Metcalf Barbecue,4.0,$$
mfu-s-Jng7yP8KN2SCnHQg,Oya Rice Bowl,5.0,$$
mcwsZGskQ9O4d-kKzV473A,Better Half Coffee & Cocktails,4.0, 
mckGTGd1K-k99PzlQXB4eA,Bubble Egg,3.5,$
mbNRIX5ROAzeDAmCVM_xzg,Via 313 Pizza,4.5,$
mXDYtboV6TXsZY5I3DKVtg,El Secreto De Abuela,4.0,$$
mWDRxwPt8HgOdrNyckv99A,Rollin Smoke BBQ,4.5, 
mW1UuMcGmCQxVp9e-z7t8w,Yeni’s Fusion,5.0,$$
mUPGTM4KZCyDpkqsZ-eKsg,Austin Beer Garden Brewing Company,4.0,$$
mQ--5JoQtMEcVwuRa3txMA,Street,4.0,$$
mId-HN-F1HO2OEAxdrrg1A,Santa Rita Tex-Mex Cantina,3.0,$$
mISMcGuB3XnbCoM4i-zT8A,Tacos Laguna #2,4.5,$$
mHHPfCZGRp4BQe_QvVno7g,Juliet Italian Kitchen,4.0,$$
mDhPwgvxpI_Ny-NIn4M76A,Provision Dining House,4.0,$$
mBkiUg_f-hywXVrH9DrSnQ,Little Wu,3.5,$$
m2AzyGWRKkwYoe66dY1MzQ,Casa De Luz,4.5, 
lzIrYSHzJGQYV4AHNLqDTg,Onigilly - Lower Mission,4.0, 
lx_ml9N0Bi8g2AJW1itfeA,Korean Grill,4.0, 
lpqGkyaOIeoF44xk1bhWuQ,Creekside Cafe,3.5,$$
lnxDPi7QcCqp733mTOJcZA,Bufalina Due,4.0,$$
lkAE1w_IGWy8szpUtKXSdA,Chef Hong,4.5,$$
lg67PPs3Hq3ftJGlh_QkvQ,Holy Waffle Catering and Food Truck,5.0,$$
lbmlK1RAaoYwybu0l2Ig-A,Sherpa Snacks,4.5, 
la7Zg-LRYE9TPb791akEOg,Happy Chicks,4.0, 
lMKRC1DD8ULTnlCQuWzC5w,Westlake Wine Bar,4.0,$$
lLp4uZuAYixCojaIoJYYgA,Pepitos 512,5.0,$
lJKM3V65LfbsmVvMp1JEaw,Poke-Poke,4.0,$$
lIXsFNSHZmhfD0dlbV4lSg,Santorini Cafe,4.5,$
lE-i5bENiefhidIZYP--qw,Pool Burger,3.5,$$$
lCmz-bwclEuwsxm4-i2lNw,Veracruz All Natural,4.0, 
l6mnLr-O8qYx7A9zxPEvTw,Sixth and Waller,4.0, 
ksC_3DK_OMUuxduB7c10Gw,Simons Burger,4.5, 
kry4tYRNfQshObxO5RTrIw,Variedades Marquez,5.0,$$
kqeblz37dvpiwy7-l9VfXA,Ceviche7,5.0, 
kpsH-uAoKvYO8PDn1I7xGA,Revelry on the Boulevard,4.5, 
knOY5Nt5GlmIxAadPlirvQ,ñoños tacos,4.5,$$
kUsfTyAa2qfR1QslL4ypZA,Kalimotxo,4.0, 
kS9kFxQ41e45z7O3kXKRhA,Rice Ball,4.0, 
kS9Dq_TggiorC5yI0odKGQ,Longhorn Chicken,3.5,$$
kLLx0hlm7yyraE8EeT2-sQ,Discada,4.5,$$
kHOI8apECknxdVDbG-foPg,Quattro Gatti Ristorante e Pizzeria,3.5,$$
kCdONcIH6Fz5Gz3TmBWdTw,Garrison,4.5, 
kCay_3uqhE44jaWNDCBmhA,Thai Kun,4.0, 
k8KHoiDklnXDtXvLyxbd-w,The Original Black’s Barbecue,4.0,$$
jvNkx23Jwg0TGEAJzzwiNQ,Tan My,4.5,$$
jtQTuB0MrXcRmfcpSMOGbw,Metcalf Barbecue ,4.0,$
jsXdprjBuHwuBrpURK8FXQ,Good Things,4.0, 
jmmzYxurOoA_K_RtanzQow,Paperboy,4.5,$$
jefgDin_KoHy_JZLvQG0bA,Oz. Tap House,4.0,$$
jUiS3w1HX6qhEzNduA3oVw,Tyson's Tacos,4.0,$$
j5atP7hiE7sotoAxbNTOSQ,Stars Cafe,3.0, 
j4b0x8kxFAM8yjllwsCa5g,The Headliners Club,4.5, 
j3CWjH0XtesbbDZFVq3c7Q,Pinthouse Pizza,4.0,$$
iyeJrTWE3_Xtup77dC_Mtg,Waltons Fancy and Staple,4.0,$$
ixr0JuTH62_NnGymBFowqw,Mum Foods,5.0,$
iuy7Wk41ZlSzk2DhNv0ymQ,TenTen,4.5,$$
irXjl1l2cMSI6k027jUpjg,Torchy's Tacos,4.0,$$
iqym2XW_Fbi-RZp2JKd0cQ,That Burger,5.0,$$
in3x8vcEbyuzumx4AvDZqQ,bb.q Chicken - Austin,4.0,$$
iiHcYdhd1CeDJjFZVCtKgg,Buddy's Burger,4.0,$$
iURC7TkQa28rW1r9H-tT0Q,DittyDog,5.0,$
iR4hHqrfWrklIiUIagGWGA,Lynx Grill & Bar,3.0,$$
iIzk55asuvtuASridPT-Dg,Pappasito's Cantina,3.5,$$
i61ob7-OiiynnH2dsrpN1Q,Din Ho Chinese BBQ,4.0,$
i1GWpxJ1Phm2awhVaTkouA,Juniper,4.0,$$
hzamnmFBJF9jnOVa4DGMKg,NeWorlDeli,4.0,$$
hveKjJmiPTcUS4sKuvZBYg,Jeffrey's,4.0,$$
hrSpsG_ccJnPQMq8SYAH5Q,Messhall Cafe,4.0,$
hpttZ0nryCCmV1hxwN3ZGg,ATX Cocina,4.0,$$$
hpAOH8cmY5WHjnl8jGQ1dA,1886 Cafe & Bakery,4.0, 
hamyC5gQIDwxealyzOqq7Q,The Limestone Kitchen Restaurant & Lounge,3.5,$$
h_It_i-0ZyMy8UoNXV8Q7w,REVUE,4.0,$$
hYDAmF6f-8qfNuDJmZAoKg,Daygo's San Diego Taco Shop,4.5,$$
hTp23z3Q5PCvuGvKTIQtXw,Madam Mam's - UT West Campus,3.0,$$
hT8ihPNLAasb5RIkUVcW0w,East Side King,4.0,$$
hKHtua-rA2i4PnDqClMhQw,Vivo Austin,4.0,$$
hI9SS8or178ESYI3g8o4cA,Chicken Bowl,4.0,$$
hGNI2d-tCmVwUWKztDDl2w,Pluckers Wing Bar - Rio Grande,3.5, 
hBXgiEy2MbV7pL2jCnrB1w,Geraldine's,3.5,$$
h9jxSQshS-5yogV4OvjdSg,The Mockingbird Café,4.0,$$
h9JTj7NrcdJLC_pYqxruqQ,Citizen Eatery,4.0, 
h3ygYy3mwzskQlCH1jtnBA,La Santa Barbacha,4.5, 
goEFwDjDqc--nUlB5_ZDfA,Shirley’s Trini Cuisine,4.5, 
gghrK_T4ulGBgJPtn2cbiA,The Carillon,4.5,$$
geKD-rN5Z8a_s5CbtfXfdw,Hippie Picnik,5.0,$
g_ekqJWUaFl2NQI1MUIQrg,Bar Louie,4.5, 
g_91ldz2YMXJ_WEf7pp8-w,The G Spot Wangs N Thangs,4.5,$$
gZFDH2MMBKEG7RVXDMeRRA,Cousins Maine Lobster - Austin,4.0,$$
gXlrgQkkdCc9iESuRlN_Uw,La Tunita 512,5.0,$$
gPf1hBlc9TgkYvVtgD9DcQ,Pokeatery,4.0, 
gKREdIgb5vB844iOtbzqBA,Pinthouse Pizza,4.5, 
gFq0fu3vxmtGCfVedyLghg,Kin Zen by Sarm Pun Mile,5.0,$$
gEI1fh18fdbEh0RuGtEHRg,Fil N' Viet,4.5, 
g6B2TZYS7JKKpNWPwVnwqw,Taco Joint,4.5, 
g23A-0NiWi8OkEf6mynjAg,Domo Alley Gato Tatsu-Ya,4.0,$$
ftg9C812G6q1_vVRkDP0wA,Gyro Delicious,5.0,$$
fszy3S_lTDUt32f9gb2-pg,Carpenters Hall,4.0, 
fsqtrHKBUeucacxeX9FPaA,Kerbey Lane Cafe - University,3.5,$$
fmpvRs8PrdZwSh_XeVw2_Q,El Marisquero Seafood,5.0,$$
ff9xAuZ3-9iljMexfkf3yA,34th Street Cafe,3.5,$$
feNjLEC9gZ5QdPlQ05SDwQ,Hestia,4.5,$$$
fd3yGJTbSviei1TFgHGXUw,Batch - Craft Beer and Kolaches,4.5, 
fZbTZ8MS-fv-TUDEyfCxeg,Poke-Poke,4.5,$$
fYxN6dB5hxtTBAfB_fEwdg,The Victory Grill,4.5, 
fWgfmVcdwx_vY4wSphV1Lw,Soto South Lamar,4.0,$$
fTwvEZw8tvF73QxcX-5TdA,Mongers Market + Kitchen,4.0,$$
fTpp8kuKOITj1KSEz9UG2Q,Qi Austin,4.5,$$
fTgnVCCu6k_Ds25Nz73s5Q,Sushi Zushi,3.0,$$
fP8YU03hNC4MfzPp8JVMYg,Iron Works Barbecue,3.5, 
fNTpqhAgwZzVEpTK72Dtqg,Taco 'N Mama,4.5, 
fIkxEAcQoEUrLOh1jOfF7A,The Pho,3.5,$
fDKbXHlYKZsI02j6_qBSAA,Austin Rotisserie,4.5,$$
fBvQQUk1-V9IUA8PbuYFWg,Newk's Eatery,3.5,$$
fAw1VGWzFWGUVQRWWUZLwQ,Licha's Cantina,4.0,$$
f6bsxIitCz6o2XgXeyYJLw,Olamaie,4.0,$$
f5P9ufNH5mJz9BWj-sl8pw,The Beer Plant,4.0, 
f3z345jld7j6zr7_jJKnTA,In-N-Out Burger,4.0, 
f3fl1UNbjk7WDM6gIFgVzg,Pueblo Viejo Riverside,4.5, 
f1UXpvAVRY4FtUS2Eo1edA,Phoenician Resto Cafe,4.5,$$$
exNtQAqA-v0J6fQx-Dz53A,Epicerie Cafe & Grocery,4.0, 
ewoEi_2LXaCxjXyFEG7_4w,Tsuke Edomae,5.0,$$
eoi6PiSmiXawmdTWFBXpCA,Oye Chico,4.5, 
enKiN9Dp2PNB5bsBO94LUw,Chili's,3.0, 
ehaOHDQ6EzXavMCaQ0nXvw,Workhorse Bar,4.5, 
egxBLqxYJvjOGJ9P-Dw--A,Gyu-Kaku Japanese BBQ,3.5, 
eePu5tB1aLh5Ctre30cWnw,Saffron,4.5,$$
edupJ_ysmC7L1JUdlgBDTQ,Ike's Love & Sandwiches,4.5,$$
ec6X_eh2wyzFLqHbApAsuw,Pepe’s Tacos,4.5, 
eZE0FdYB9rUvbuPS4fNyYA,Arturo's Underground Cafe,4.5,$$
eUD2rCO5pfus19UN34Cgzw,FoodHeads,4.5, 
eTJmpIFKCnV9-gimd4Jqwg,The Texa Rican 512,5.0,$$
eQxWPpAvGlCj1wzg_4CW_w,SouthCloud Ramen,3.5,$$
eMOy9BUQIUTGjKsytxAcGw,Poke House - Austin,4.0,$$
eMIcEhhGtRHKmzt_hdchhA,The Cuban Corner,4.5,$$
eL_JhE6smEo128qAdiUr0Q,1417 French Bistro,4.0,$$
eJ7X_8KXVlyHZtGrrLz4yg,Lamberts Downtown Barbecue,4.0,$$
eHDuMjr4ousmmB4g9EDcQw,Three Forks. Austin Tx,5.0,$$
eEhk-Svs94ZiT5WgvTTHHg,KA Bean Crew,5.0,$$$
eDAQ_dfy-bik-GWg20_CUw,EastSide ATX,3.5,$$
eCrgBu-H10vLqFpiX2oghg,Sammie’s Italian,4.0,$$
eBfy7Xk1O-56J-KkdaGG1g,Coat & Thai,4.0,$$
dsqmIQtNB21J3g-56mVmsg,Cover 3,4.0,$$
dolyCD0MHbdzFucJuPNtLA,The Grub House,4.5,$$
dlazRE48_F2Z37ZRPTiItA,Eurasia Ramen 3,4.5, 
digUTaXtbnaO9rL1oCfhHQ,Julio's Café,4.0, 
de4NckKM0aX-sPJ8KrxWjA,Bluefin Sushi Bar & Ramen,4.5, 
dYkscK94bZG-VAXVx2L79Q,Summer House on Music Lane,4.0,$$
dOQPeXu27YmjYFfV5tX-Zg,Bulevar,4.5,$$
d9t0YcIVpw9KgsqkJLfsyQ,Wink,4.0,$$
cyD2wGtrOpy8Fr2HMc7SLQ,FTG ATX,5.0,$$
cs6HfZNykLVitm09jWFqWg,Moonshine Patio Bar & Grill,4.5,$$
crqw6lpHZ8tswDxUBMXfNw,Bobo’s Snack Bar,5.0,$$
cr3DewAo9UpHk7LThXoWag,Brunch Bird,4.5,$$
cpDff4xvSxgfo_2XK87ThQ,Jasmine's Restaurant,4.5,$$
cmFvz2m5NIyq9PAo4-qCGA,1776 Cheesesteak,4.0,$$
ckGBUD9ype4KLZ8D2yK-KQ,Kitchen United MIX,4.0,$$
cblIf2hk_RX3BhbnIPIVDw,Wholy Bagel,4.0,$$
cbfgoMR_UQ9Rm5O3J1erKQ,Marye's Gourmet Pizza,4.5,$$
ca3v7CBaryAAYzN4zBsL6g,Littlefield's Tacos + Coffee,4.0,$$
cYsillXIBTJzaxxC3-5wJg,Las Trancas,4.5,$$
cV8JJfvSbvEPil3B7583Pw,Kiin Di,4.5,$$
cUUm1ToXajgswN6FIVJRQQ,The Smokin' Rose Taco Joint,4.5,$$
cTwsI0U1x1xeOrCdgIaJ2w,Acre 41,4.0,$$
cPK-8eXrTdboE4G7PSnKew,Burger Bar,4.0, 
cNhEDO6h2WqMTn8GV2Nj7Q,Steamies Dumplings - Retail Store,4.5,$$
cIbVQrylwj3Rljpka5AZ9w,Olive & June,4.0, 
cCO0aYNMYQ6qUCBjyNl5jw,The Tastegasm,3.5,$
c2l14RZhwAsOTk42Q_2sWg,Aussie's Grill & Beach Bar,3.0,$$
c-IkQb9dVRoQNW1KKP--mA,Smash ATX,4.5,$$
c-6SPBhWeA0xFrbnM0sjJg,Chi'Lantro,4.5,$$
bxy_v6jkfCiVYhvn4t8T7Q,Vamonos,4.5,$$
bsNEHMVu4PKP030s46gMyg,Kebabalicious,4.0, 
bnMecO7qJPz_J1ZVMacTVA,Blind Salamander Kitchen & Bar,4.5, 
bjzOuok1eXLceKaWWR-y7g,Mattie's,4.0, 
bgURBvd10d7Vd3Ai-7Ltrw,The Bearded Baking Company,5.0,$
bZiIIUcpgxh8mpKMDhdqbA,Hopdoddy Burger Bar,4.0,$$
bSnXj25RzTTBBKfJNnJhEA,Poe's Fuego,4.5,$$
bQkYc-5GivXCvt0Cp4opBQ,Pacha Organic Cafe,4.5, 
bQbO4RPTcS50EzoLx2Y2QQ,Sugar Pine,4.5, 
bM2elWATHNuHUCGgA9bekw,Four Brothers,5.0, 
bJbJyH6sZeltbBIbe32R8g,Juan In A Million,4.0,$$$
b8CI9JbUi7hkBe4cr39bvQ,MOD Pizza,4.0,$
b3XX4atH_V0pA3ejH-6tUA,Justine's Brasserie,4.0,$$
b0nrctP38EBcQLP-0kC2Kg,Yalla Burgers & Wings Halal,4.5,$$
arhbKm1x3Si07s8vY-5hGw,Punch Bowl Social Austin,4.0,$$
aq0aE997rfi6NMTuTcoyNQ,Hula Hut,3.5, 
apNQUS92Vhsu8s5QUqdRQA,Ranch 616,3.5,$$
an4tPMzgOG-KwCXfAoKKWQ,Salt & Time,3.5, 
ai29zMnhhapQ_NrGckIzXQ,The Driskill Bar,4.0,$$
ai0UHYBdeozo-a7Redqgrg,Slake Cafe,4.0,$$
aflbTPPZrQIxTOIMJMHbHA,Las Palomas Restaurant & Bar,3.5,$
acMhW2yiFCNU6PoGiHxvPQ,El Alma,4.0,$$
ac1jxd_s57WrIv0NS_TmTA,Shortie’s Pizza & Grinders,4.0,$$
aNm64_zMpnzrh8dHhaWmfg,Bar AC,5.0, 
aNX8OAI9CI662uxbWwsPHA,Flower Child,4.0, 
aK9EcRc3iEbhfI7hRNAVEg,The Southern Soul Bowl,5.0, 
aK1_CfnTLedsLKDd_TeRHg,Plaza Colombian Coffee,4.5,$$
aJpPFyqmYweduHwuMPu_tw,Casa Colombia,4.0,$$
aGCEcYvzhFY06K8WtV38hA,Thai Thani,4.0,$$
aEONpDLGav3O4NTsgmHZMA,Ram Indimex foods,5.0,$$
aByHmMVAUIVJrBjObf3S0Q,Chick'nCone - Austin,3.5,$
a4LjewExxqm72UJC1-Ct_Q,Monster Bite World,4.5, 
a4Gw4s4sGx3_2R3MBpi5sQ,Plank Seafood Provisions,4.0,$$
a3SMwlidgbKE6UytxMfG6w,Taqueria Los Altos,4.0,$$
a2sO4bAVExhg7LnVyGN2IA,Modern Market,4.0,$$
a0UVUJGOcZOxYsl-nU1FBw,Javi's Best of Tex-Mex,4.0,$$
_rzLgFlECS1Gxyx0KE5GoQ,Pecan Square Cafe,4.0,$$
_rt-Z934kfFzgG19nTrIcQ,Pelons Tex-Mex,3.5,$$
_njeaLgMzbaVT5VGUb_YTg,40 North,4.5, 
_n-F9OKGHcfaC8Fs9NZKag,Otherside Deli and Sub,4.5, 
_kJy37DwDNcDyqGPRBhVrA,Kt's Deli,4.5, 
_iLfGaGVofxrGMX23wg78w,TLV Israeli Street food,4.5,$$$
_dX5kPHrplgQOpk1hBE7mg,Simar Seafood Cocina,4.5, 
_Y5GEb-PJvogHYUYuVJtmw,Pedroso's Pizza,5.0,$$
_V-VpV5AWREqop5b3hV8Hw,Chuy's,4.0,$
_RYB1TIj4MeiBm63iLyxHg,Mort Subite,4.5,$
_JOSiG_X--3W0FWgPrHO0g,Stubb's Bar-B-Q,3.5, 
_BbODcinangkwNvVwpvfuA,Cenote,4.0,$$
_ApCaOQWaAwVGTlIKRpZng,DipDipDip Tatsu-Ya,4.0, 
_7lONCWyP_dZOCgWF8dEsg,Crepe Crazy,4.5, 
_6Gslpx1IJaOPstPowV0ng,A Touch of Soul,5.0,$$
_1lwieLPTdvfbEStNTnzDg,Taco Flats,3.5,$$
ZvYDNfxeJgnB0_9jwSAsxQ,Mandola's Italian,4.0, 
Zv9dVSpfKxt4d_v65H50Iw,Red Lotus Asian Grille,4.5, 
ZsUmFw2bCVjhHvPIMvEFog,Marigold Market and Cafe,4.5,$
ZlUYovGhlMWKOnETAys3mQ,Blue Dahlia Bistro,4.0,$$
ZgIPuv43YvTMqNLW6Qj9QQ,Bob's Steak & Chop House,4.0,$$
ZdnbPILu7avhY8pACtol-w,"Rudy's ""Country Store"" and Bar-B-Q",4.0,$$
ZZTAiGThsHjZOfUF0zOzHA,Cisco's Restaurant Bakery & Bar,4.0, 
ZYtgu8IWHoAiO56vvxsiqg,L'Oca d'Oro,4.0,$$
ZXRIq935J9wcEmM4izAKsg,Saveurs la Boulangerie,4.0,$$$
ZTnsL3Fh95QvJLrKH8upMw,Lupe Tortilla,3.5,$$
ZOfaYGrC05rcd1L_762mkA,Spicy Szechuan,3.0,$$
ZNwznJunPKKLyc-YSAbCcw,Mandala Kitchen & Bar,4.5,$$$
ZKe5mhiC7BtwrsN51wWJ_w,Lima Criolla,4.0,$$
ZKUsfxFjMlXif8yPbYAP7A,Tony C's Pizza & Beer Garden - Anderson Lane,4.0, 
ZJFIDLUiZ2Vs0NTj0pGVfg,Perry's Steakhouse & Grille - Downtown Austin,4.0, 
ZCbxlzhtaMd2DK30K911nQ,Chi'Lantro,4.0, 
ZBfm-6AjCGU4_GEEapg9yA,El Rinconcito Chapin,5.0, 
Z9ncHwrNBNXPe2VqoErjNg,Picnik South 1st,4.0, 
Z5Oc3lC-NAhbmfVfRnwSzQ,The OASIS on Lake Travis,2.5,$$$
Z5I1wDa_KnZEWQ8JSeqL0A,BackDraft Pizzeria,4.5,$
Z4CPbD4a-cR4JR8CH_c3PQ,Oasis Texas Brewing,4.0, 
Z-wxLQ9ry_sFzwJo1LF4NA,Henbit,4.0,$$
YzRvjcwnJTC7OghYRkrjpg,Envie,4.0,$$
YwdNk5vD1gi6VttNucMDbA,Sway,3.5, 
YusLBQYjRHVgxgmFKEA7gw,Sammataro,4.5,$$
YrReCTKKKRBEDMwFqcftsA,La Piscina,4.0,$$$
Ye1lObLkfsb5-QhdSJYo7Q,Corner Restaurant,4.0,$$
YdWkIUOtmcDzVeMMV9Qg1Q,Dollar Slice Club - Austin,4.0,$$
YZs1gNSh_sN8JmN_nrpxeA,Terry Black's Barbecue,4.5, 
YAPFqI95ro4YACSbuBjSfg,Waterloo Ice House 360 & 2222,3.5,$$
Y845hMKYflYP_NdPLPOhzQ,Modern Market Eatery,3.5,$$
Y6tpEFutDG3a-DHu2cJ7LQ,Jacoby's Restaurant & Mercantile,4.0, 
Y5wIVVSb_iKvMDrk2OPUfQ,Budare's Venezuelan Food,5.0, 
Y5m-kSHt2GRKnFNCBadmcw,Xian Noodles,4.0, 
XzCSSfd68m-hjZzMsmW5SA,Bombay To Kathmandu Kitchen and Curry Pizza,4.5,$
XyYo7ez9nWevun74mJsNKg,Man vs Fries,2.0,$$
XwYynCcwxoe_NmTwPEFl9w,Tommy Want Wingy,1.0, 
Xt74WNiC4whyFSfvYiJrGA,Supper Friends,4.5,$$
XkEtH38Drx9IGb7qiGQaFA,Tellus Joe,2.5,$$
XjC5H-uKRrsctioXxuCMQQ,Torchy's Tacos,4.0,$
XewbQymjMkqsAjdXkaZfGw,sweetgreen,4.0, 
Xa4YAhSdEie3Qp6AK8QN7g,Sa-Tén - Canopy,4.5, 
XZkLjHALlN0j7mFy2tgpQw,Galaxy Cafe,4.0, 
XWMDndA6I4Qhs-yB4lUnKQ,Seven Spice,4.0,$$
XVmp1LmrXKB8cXomLKbu9w,la Madeleine,3.0,$
XSMEBuuozPtez9ATkTTIvQ,Big Easy Bar and Grill,4.0,$
XOo0oa5sXCZGjKXapIN95w,Red Ash,4.5,$$
XNrAtQFU4vl9NA8GTlNonA,888 Pan Asian Restaurant,4.0, 
XNPn1KRStDXxy7vc77Bp3w,Seoulju,4.5,$$$
XNOK-7sr2AyfjimuoZhMlg,Traphouse Caribbean And Seafood Grill,5.0,$$
XH2y4duYEvKsDqIq8-WDlw,Bun Belly,4.0, 
X9B1mV7-YtBNK9MhgDSqZw,The Good Eats Stop,3.0, 
X4FReQm8nmc3sON2aRoY1A,Soco Bar & Bites,4.0, 
Wup4ZDYx_OhT5KV_RoIZLg,Lazeez Mediterranean Cafe,4.5, 
WuctxzDpIrRnCR2ridSBgw,Wax Myrtle's,4.0,$$
WtkDYparH5_hqNQhyyJm_w,El Patio,3.5,$$
WrEatWgiZ25Ekx4ZqCckEA,Mi Bambuco Colombian Restaurant,4.0, 
Wr7CfGPJvvHcVzkypF1YvQ,Pinch,4.5, 
WqSAjqv0XwfsYBg70dHBqA,Polvo's DT,3.0, 
WnP9a3Lj_wszdSyJuhernA,Dos Batos,4.0,$
Wn8j-1-ity6hdjP4bC_wkw,Sip Pho,4.5, 
WlVrMlMuDc133vhTUHgpRA,Veracruz All Natural,4.0,$$$
WeTpXDwsBCN_-9GtH2kTzQ,Fresh Bowl ATX,4.5, 
WdcRuXA0UMLDPnaBejYLpQ,Hat Creek Burger Company,3.5, 
WZYMlu0nyTRyZZd4DIwWFw,Pappadeaux Seafood Kitchen,4.0,$$
WKgoxjQ5ycJ_xy0bu4SylA,Four Brothers,4.5, 
WIBIHgRfrwklwp3Kn2Gx5g,Jewboy Sub Shop,4.5,$$
WAmCbmvwXbVpgdDHYcTZAg,Rabbit Food Grocery,5.0,$$
W7tIDv_PCzVOuSLTG5C2wA,Wayside,4.5,$$
Vqhv-LUPrvmO9r2Z3xxNRw,Arlo's,4.5,$$
VobyVz_hbGNapYUfNDGyHw,Little Deli & Pizzeria,4.5, 
Vlz20mD_QeTxmroSLZ9C0w,Cipollina,3.5, 
VlI3xsBfeY-TqZAmRSAA6Q,Left Wing,4.0, 
VjSUoCUZivCmCFkyywyPjA,The Halal Corner,4.0,$$
Vf_vqtytl6RRV5_3w84JsA,Rules & Regs,4.0, 
VeJywB-UzzhUx5f8rD4aHQ,Fareground At One Eleven,4.0, 
VXJR1VTskAKspL9G0Md1bA,El Chile Café Y Cantina,3.5,$$
VV0Vx8HUXdZwuQ7dLBnyag,Cabo Bob's Burritos,4.5,$$
VQPXI5dftODd37nCJAEEqg,Ma’Coco,4.0,$$
VO1ifwP9UJ7hjkswXaOrNA,La Fruta Feliz,4.5, 
VLkKyk6RA6Tn02YQjyILIw,District Kitchen - Anderson Lane,4.5,$$
VJDXjHHahRU3P_Ultl7-Yw,North Italia,4.0, 
VGVxp-kG0YLcY7sUoUvIcQ,Paris Baguette,3.0,$$$
V8B1lqK7IXULiOe-zuIpMw,Taco Joint,4.5,$$
V016y3Rz1TdZAb1lGGjI0A,Wingzup,3.5,$$
UyTBfzjqEOksd65MtiXKug,Burrata House,3.5, 
Unl62KlI0kwF8pToy7QjSA,Vic & Al's,5.0,$$
UlJHn02nUeD2ye-WElRSzg,P. Terry's Burger Stand,4.0, 
UjPD0ANtXWprEJ9IEogeXw,Oye Taquito,4.5, 
Uivt3ZgK7yTH1douikhsew,Cava,4.5,$$
UiiIGT4lbFQhuFIiI1P7DA,True Food Kitchen,4.5, 
UiM8n-m4D9D9I9P836RILg,Lotus Hunan,4.0,$$
Uf-lNowqa8XMZyHRrLquMg,La Plancha,5.0, 
Uav2xHxqZZxy4eblNB--PA,Fukumoto Sushi & Yakitori,4.5,$$
UaoJ3SybQ-JjPrsmQio71w,Texture Food and Drink,3.5,$$
UacakYbLnef2TYU2YDrtuw,Perla's,4.0,$$$
UViBcTlnp0iRyPPU_FesLA,ATX Food,4.5, 
USfR6zFbBT-qNjrKON23MQ,Lustre Pearl East,4.0, 
UQjIKAUl5CwvrI-X134brQ,Chinatown Westlake,3.0,$$
UQeDuhlnXSvk_bNy0yM8vw,Phở Hub,4.5,$
ULFRxruHTAV1zHUUGExWdw,Mom's Taste,4.5,$$
UK3EpAabwyR5UguQqCRQ9Q,Ski Shores Cafe,3.0, 
UEgSnHjeR1nrHu5vXO1NfA,Trudy’s Del Mar,4.0, 
UB45Jhyv2lMHfpURk7fidg,The Happy Grilled Cheese,4.5,$$
U9p0G4OOUWP425Ww8FHaGQ,Little Deli & Pizzeria,4.5,$$
U72ZAUh47P1cX-91jqLpJw,Emmer & Rye,4.0,$$
U1ti23Ir3tF5kg28rCBGDw,Neighborhood Sushi,4.0,$$
TzjM11qH5IhmM-MIAJFOew,Thistle Cafe,4.0,$$
TxJxKvTD_vjpUAwW54h1EQ,Hi Wings,4.5,$
Tta8AYBZq3fwr1n2up75vQ,Eureka!,4.0,$$
TqvumCkRi2uAmeG9BJxhSg,The Garden at the 704,4.0,$$
TpWVdcVcKfweTra-uAmkKg,Vixen’s Wedding,4.0,$$$
Tdu7rYrJT-MuyRzSoKiPmA,Civil Goat Coffee,4.0, 
TdnpqCVMqOQKf-3S2Kb_PA,Moody's Kitchen and Bar,3.5,$$
Tbo5IAk7GA1-f4pZ6hz_YQ,Big Vinny's BBQ,4.5,$
TSKMu1M0HAFoPvCZuJxx1w,Comedor,4.0,$$$
TQxHoUZNzVOoBnHm0aMkpA,Cherrywood Coffeehouse,4.0,$$
TOG67e9pFlKD7A7XC5sEfg,Salsa Limón,4.0, 
TKEmPN45epfqtNQq6wY8Dg,ALC Steaks,4.0, 
TIjRjj155FFcNixESdhNwg,Mai Thai Restaurant,4.0,$$$
TD3BYqaiYS7x_--FcKmlAA,Rogue Radish,5.0, 
TBsxo5lJvwgmKo1aRTTJrg,Prim and Proper,4.5,$$
TAWrdQ-Qh3QTa5BBAkL0hg,Grizzelda's,3.5,$$
T75lKT4uaxSz63ugIDXdkw,Spicy Boys Fried Chicken - Rainey,5.0, 
T2EuiSKxm4sbuP_LrMk7uw,CAVA,1.5,$$
StC6I0fRK8d54IwHfN3bpg,Pollo Regio,4.5, 
SrMlAhTmjzptfPlj2-w8AA,Abu Omar Halal,3.5,$$
SnfcwDrb5YyWqFhQ2i9SGw,Ichiban,4.0,$$
ScBbhj2g3xJeivVjTw2t0w,Mumtaz Market by G’Raj Mahal,4.0, 
SWdiMa_8Oq9FIAKB1sJ0hw,Arlo's,4.5,$$
SRwJ6tNJ6r7hQ3uQ7hIBpQ,Bartlett's,4.0,$$
SL_1hNBiEw_vlIAyrXeLBQ,MrBeast Burger,3.5,$
SKwdYg1_adsUlNNWNXhATg,Err Thing New Orleans,4.5,$$
SIIzjxEP8-SMxVQPp8qPBQ,The Peached Tortilla,4.0,$$
RvJzNNcQNimyeBmmOLSSJQ,Madras Dhaba,4.5,$
RlQPCv1OkJbxbJrnN7AUiQ,Nae's,5.0,$$
RcbTZvZxW1xC-jr9-TZTeA,Proud Mary,4.5,$$
Rba9Ol4jnTiov6_iAuoF5g,1618 Asian Fusion,4.5,$$
RUs0hG72w5xa76-10ZhSXA,June's,4.0,$$
RJule1jHysEXmjV11abucQ,Pad Thai,3.5,$$
RJcq3_qVLuJoIHf12DaDIA,Pho Dinh Vietnamese Cuisine,4.0,$$
RB0ZGpQ1CUauf5BKTdj_LA,Whole Foods Market Express Café,2.5, 
R7IChl_KVPtf_iHQ3tudlw,Humpty’s Wall of Breakfast,4.5, 
R2djXcVxc2hp5ldDJlsLWw,Patika Luncheonette,4.0,$$
QzFBu9Zj5zS-sWyrmysEOQ,24 Diner,3.5, 
QwYpob0qIDknfXhUxmFtww,Elotes Fanny,4.0, 
Qn375GaXRU_6OCcD2z_uSw,Pueblo Viejo,4.5,$$
Qmq4gr5Mmo2oIVejag48PA,Kerbey Lane Cafe - Central,4.0,$$
QmGqhWkdued9L98MP-jiPg,Thrive Craft House,4.5,$$
QlTDJwo9p9GiICz2gQi6_A,Fresh Gyro Halal,4.5,$$
QjBJ4-iH3MUoPGXQqa9X2Q,Irene's,4.0,$$
Qfbxkfje_RrQtrVfgd2oaQ,Juliet Italian Kitchen,3.5,$
QfZHqrblTcIpKHwrE3hDSg,The Front Page,4.5,$$$
QdprxDshnPvtNwo0y9oqIA,Kebabalicious,4.0,$
Qc18dZxkWKd3MuP90X8tgA,1st Choice Mediterranean & Moroccan Food,4.5, 
QT7_styx37g2-zwle0KhPw,Fresa's - South 1st,3.5,$$
QT7_styx37g2-zwle0KhPw,Fresa's - South 1st,3.5,$$
QRBfVSUKpqYTstxwV0xRzg,The Mean Eyed Cat,4.0,$$
QP-FRdblP-86ES4u8qyHDw,Nate's Baked Goods & Coffee,4.5, 
QLpkAl5IF-dKsQrqO6zc9g,OneTaco Taquería,4.5,$
QKq8xVLe58sBola2ykdnow,Zombie Taco,4.0,$$$
QE2WUvdPySHBQ7Xu41dDPA,Las Cazuelas Mexican Restaurant,3.5,$
Q9vWH2v4qYzkLudamljjaA,Onion Creek Grille,3.0,$$
Q9lKgMNYUIYESkVY5V3ufg,Unbarlievable,3.0,$
Q7mYMmlbhOWUIo6R6hy7qw,Julie's Noodles,4.0,$$$
Q4hTZVbGC8NmZRpBrVc2-g,Hopdoddy Burger Bar,3.5,$$
Q0Nio-2Nb8d0S4DONaxbzg,P6,3.5, 
Q-7wWqPR6794bfZUepsg1A,Mario's Seafood,3.0,$$
Pxz_Si1XOtBQWw5LTIGJtQ,Michi Ramen,3.5,$
PvsrQOlk1T6reEzpXzRmCw,Troy ATX,4.5, 
PrWSjn4a8o4dHoqKs53GBA,Bird Bird Biscuit,4.5,$$
PpgP0TEv8gvJ3NUCrFyM3A,Tso Chinese Takeout & Delivery,4.5,$$
PlEs_unCcePJzM1FXMweJw,Kelly’s Rice,4.0, 
PkmsrSoqd6t8iCnNopEsUw,Ah Sing Den,3.5,$$
Phqwjk7x11WMAd-rVGbY0A,CoCo's Cafe,3.5,$
PhSdU1yYD3CcIy8DtPNxfw,Vinaigrette,4.0,$$
PfjOmjAXdheO3XYcFXVxnA,Campus Club,4.5,$$
PXDwg6vXCzmpqnht6qmAnw,North Italia,4.0, 
PV3cJUqLNI6mGQfa3CAJWQ,Patika,4.5,$$
PTVMbql0Txp2-ny9FZy4Bg,Cruzteca Mexican Kitchen,4.5, 
PSxq-MFibXPMZlTUWDAviA,The Well,4.5, 
PL80RWPFTJpoOOdJ-LLawA,III Forks,4.0, 
PDtcdi8HiGU_E0EtrrlXeg,Seareinas,3.5,$$
PBfFmFy8C0WOtpHF_frVWA,Habanero Mexican Cafe,4.5,$
P6hZw-ErkoYW14_JgNrl9g,Comal Fajita House,5.0,$
P5nJYSMnGj1tczv_PkNhyw,5280 Burger and Taphouse,4.5,$$
P45NurIP2ekDgQDBIyP9IQ,Sawyer & Co,4.0,$$$
P2fi7qugfLPOFSxscpaAxg,Anthem,4.5,$$
Owb8sgMqMrNEJnGb24xZmQ,The Kebab Shop,4.0,$$
Ovir9G_KtMdk0mzCvtdpdQ,Pinch,4.0, 
Ou18h60bGEviaxWys_ZVeQ,Nau's Enfield Drug,3.5,$$
OpRCsjfrBtJ5CWXjVfZWhg,La Mancha,3.5,$
OorxaXtp3JtnkyBQ27TXjg,Pastelaria São Paulo,5.0,$$
OlB0841vj4V7Wje5tTtLWA,Buenos Aires Café - Este,4.0,$$
Oj0dSJ9oL1jqf6Ud6cOYkA,Roaring Fork,4.0, 
OgDG6jzE3qDWD_unqdc3mQ,Cheba Hut Toasted Subs,4.5,$$
OgCjYq4NTPQ1k0OK081Mug,Galaxy Cafe,4.0,$$
OfxpMdxXa1R451Zo6efvwQ,Raising Cane's Chicken Fingers,3.5, 
OfgCuP2QN165d-EsrCCIYg,Arpeggio Grill,4.0, 
OdsJHnau47hVuDx-7ySKeg,China Family Restaurant at Highland,4.0,$$
ORmSIRaLAErfRrgW4CNg6g,Cantina 512,3.5,$$
OJxWVI_240DS1Xyb-JK-uw,San Francisco Bakery & Café,4.0,$
OHf3Kue07i_nR7oKQRWocw,Red River Cafe,3.5,$$
OFOAj2KHkd0Icz_C9cWJkA,Pollo Caliente,4.5, 
ODKhTnArDrUsuqIlKNd2_g,Bikkle Jamaican Restaurant,4.5,$$
OD2IZRD5qopWWHHR-blN8Q,Ramen Tatsu-Ya,4.0, 
O9kPl8Rd3SY3rjq4znpvKA,Nightcap,4.0,$$
O31SAvOOjle_RLvRpHDdmg,Vince Young Steakhouse,4.0,$$
O1pWzMvVmBomQUaZ3aUlLw,"Snooze, an A.M. Eatery",4.0,$$
NxLE-_uSPCRbdRoC1zcRVg,Tsukimi,4.0, 
NplrGF_5kZx5K67CgxqaKg,Marufuku Ramen ,5.0,$$$
Nj9ZmTcgWzLUpmssW33AVQ,Goodall's,3.5, 
Ng2AYS1SPooH8RPPOCpzmA,Sushi Bar,4.5, 
NaRmhh_q5X3NNcrHK4HKRQ,Picnik Burnet Road,4.0,$$
NTM21on42zdaabHWUSnZ1w,Hideaway Kitchen & Bar,4.0,$$
NSnnUpMyby6L8ALJR3AQwQ,The Stonehouse Wood Fire Grill,4.0,$
NJnJY0ErhVzzZta-vYl97g,Kabab Inn,5.0, 
N8bkqAHarq_aAvpiPo1fOg,Maudie's Café,3.5, 
N20Ind9AWLbsCFFxtR_URQ,Gino's Vino Osteria,4.5, 
MwbX0KRvqqhGO4VAi3Bhwg,Bird Bird Biscuit,4.5,$$$
MvJmCt7i-i48vtDXe5-6rg,Hank's,3.5,$$$
Mv7-irHHLcsKt2G-W8xhjg,The Salt Lick BBQ - Austin Airport,3.5, 
MnO3YMUGAnkHm-iy5wo0mQ,Intero Restaurant,4.5,$$
MkMEFia7jV9fDLSyl6R0rg,Counter Cafe West Campus,4.0,$$$
MdEVBlf_8U8WntGXR2L7IA,Capitol Grill,3.5, 
MSD7RsqlimUFTlc0uq2QNg,Fajita Pete's - MoPac,3.5,$$
MN0EjSEkCPtjjckNtdv7FQ,The Black Forest,4.5,$
MGzro82Fi4LYvc86acoONQ,Franklin Barbecue,4.5,$$
MEVJNWo9ZL8z11nWOk3BQg,Haymaker,3.5,$
M6_Jp6Xcf2z-j_Ay_GiHtA,Jack Allen's Kitchen Anderson Lane,4.5,$$
M2gm902KkuZNXPudMeO1hg,Cidercade Austin,4.5,$$
Lzf0PNmmGlaTZ9fb6b9peQ,Diner Bar,4.0, 
LvSKdHCch7Reet3c78XhaQ,Julie's Handmade Noodles,4.0,$$$
LuDPW0k_L3or4NzWAgu_dQ,Avenue B Grocery,4.0, 
LoSheJfJ57sNedZj0GWO5A,Bar Peached,4.5,$$
LinZJmeh2jQxBVbqN0ixgQ,Counter Culture,4.5,$
LhFdkeOzbxPi6NeGS-1K1Q,Yumai Japanese Grill,4.0,$$
Ld3VO9saSuKmslPCzc7XVA,Fogo de Chão Brazilian Steakhouse,4.0,$$
Lcb9FB6Y_EhLEiJVUJ7tVA,Dai Due,4.0,$$
LXQiHzcMUxm4hp36v_Ah_w,The Jackalope,3.5,$$
LUCmOKTK5Uh7eU84yJq3mQ,Snap Kitchen,4.5,$$
LPYACwYAeHJdQIpxEtJYvw,Barlata Tapas Bar,4.0,$$
LNJIUbU6bKOYBreQGGd0Rg,Uncle Nicky's,4.5,$$
LKm3WKCeTnLYz3vy5bfpnQ,Word of Mouth Bakery,4.5,$$
LGIHLWOVaQmLhvDh2ae2vw,Jester 2nd Floor Dining,2.5,$$
LE46JAgAQ6zLsotQ17i8Mg,Fourth & CO,4.0,$$
LA5QhXzorbHpjY6pjHmHSA,Two Hands,4.0, 
L5ndtXhe0Q23MnVYTxkSVA,Tacos Ivan,4.5,$$
Kp8dey7sWZKMU4dLJgaOQw,Billy's on Burnet,4.0,$$
KjaK4CsJ_PypmVBncLwWAA,Casino El Camino,3.5, 
KYr5xhJZ4_7Dzm1wIrW__w,The Peached Tortilla,4.0, 
KYLDv6fOFhFMNvn-KGNrDg,Kismet Cafe,4.5, 
KWN70XMdGtEjbiA18P8M6g,Project Pollo,4.5,$$
KQds0wAC6UBUxCBpRqVDHg,Apt 115,5.0,$$
KQGeS22MTsuoWdPbVrUIIw,Black Star Co-op Pub & Brewery,4.0,$
KK-6rXbIo9B4-b_P5WO5Qg,Clay Pit,4.0, 
KJuHFlqhapJb8tVWCe8MNg,Rosedale Kitchen and Bar,4.0,$$
KIHoGUfCOLhBFQVSAN4QSg,Suerte,4.5,$$
KGsP7-v21mMcJyQatQsKhg,Pho MPH,4.0, 
KEh3efWSOIzd8BvuW-X4-g,Phoebe's Diner,4.5,$$
K6Xm4kI1I2HPssM9FgXNsA,Via 313 Pizza,4.5,$
JvrbmTdZFMMmvz0gWbpkhw,Another Broken Egg Cafe,4.5,$$
JfSFcZjRfUKpjSq9s42jYA,Velvet Taco,4.5,$$
Jbl7sO6cNxaOcxDyX7fPSQ,Louisiana Wild Crawfish & Catering,4.5, 
JbDZixSeiWuzgdrFIvzDTw,747 Burgers,4.0,$$
JXXmLPPsIeWj7pKHT1XaUQ,Ellis,4.0, 
JW3SkLOUfGhcVQGosoozUA,Launderette,4.0, 
JM4gK13DvAzGpdPeae3wVQ,Halal Time,5.0, 
JFfvSm9K8EG1z34c61Agww,Balkan Cafe & Grill,4.5,$$
JD7cXdmPyjHI3VyEfe3l2Q,CAVA,4.0, 
J8Ha6yIvGoU-E31jnCq7Ew,Barley Swine,4.5, 
J7Hs5_PGlZajNRxGptGRvw,Steiner Ranch Steakhouse,3.5,$
J1oGA-rXtjhpDi1MnxaDFg,SXSE Food,4.5,$$
J1aHzP1AY_6HGDOFdNUv3A,Weird Food,5.0, 
J0oTYJx-dGn5yk926s6eGw,DeSano Pizzeria Napoletana,4.5, 
J-S8U3hSuuZSa1a0xq2kJg,La Holly,4.0,$$
Iuvl12hnKAdAESOZHlu0jg,Sterling Supper Club,5.0,$
IqNExVdP8Mr8GQa8OgozcA,Honey Moon Spirit Lounge,4.5,$$
IlRZT7BVBny5qbz7_UP6JQ,Charoen Express,3.5,$$
IhsJHBMamH3wrjOdZSYu5g,La Condesa,3.5,$
IhAtd40DuC4cmivIS47Dyw,Baldinucci Pizza Romana,4.5, 
IdqPtYXz6lhnKN0pTd_Z9Q,Tacodeli,4.0,$$
IVeSLhijGTYMkBN0OjWn4g,Honduras Food,4.5, 
INUWOG0fuuYwinCEA2BrHQ,Phoebe's Diner,4.5,$$
IJDuykkbPXfKa9eixyol0Q,Habesha Ethiopian Restaurant And Bar,4.5, 
IHVluPs_KKEIqX2UUFQDYg,Cuantos Tacos,5.0, 
I416viu8dydgWGosPRXYFg,Laurel Restaurant,4.0,$$
Hzz0S04Mn4kMwY_Bt7BtKw,Krab Kingz Seafood Austin,4.0,$$
HyAzD1a0MmXga-GYaTpQtA,Spicy Boys Fried Chicken - East 6th,4.5,$$
HvyIF3f3PiEeIczin8J2tQ,Rebel Cheese,4.5, 
HvWTntcf7Hz_BEW5zBN4-g,Café Crêpe,4.0,$$
HnyCxHXrCuZnlemW_1FrKw,Taco Flats,4.0, 
HnWAjMY9k2_eV9cjlqcewA,Thai Kitchen,3.5,$$
He2KYtXXfaIR0nkCXH5xiQ,Loro,4.0,$$
HbMPlMQom_-TgyWNi0c5Gg,El Vago Cantina ,4.0, 
HYR2vYJ8gRCF5YgOrWXg7Q,Cachitos512,5.0, 
HWzfD5_8s533OJLbwjGXnA,Super Thai Cuisine,4.5,$$
HKi7fd2bTzZfVB_Dz9vGng,Lucky Robot,4.0, 
HIs4Y4J9KHmMP_0_hiJekw,Chi'Lantro,4.0,$$
HI9DUabUvuFQMu_uMM18ww,Lou's,4.0, 
H966O2EmxTj7TBTjcu5wqw,South African Food Affair,4.5, 
H6TRTjlEy1_GWlcOuZzbHA,Birria Queen ,5.0, 
H4YfD2avs9sDp-56s2E0pg,Hawaiian Bros Island Grill,4.0,$$$
H2QGxJvWlf2f3HclvgT30A,Magnolia Cafe South,3.5, 
Gzi27rYJ2RegyRY_KqtloA,Bamboo House Austin,4.0, 
GxocPmJQNw5A3yUvIyTnwg,Las Palapas,4.0,$
GwAFL29gpnEIjAG9MauMig,Aba - Austin,4.5,$$
GrnS4hEW6smYaIe_KzDOWw,Taquero Mucho,3.5,$$
GpfqJjbw932FxSs-cKedBg,Mother Klucker,4.0,$$
GdR9YyZ0e9VeP0r9C303SQ,Parkside,4.0, 
GctdDsrAN4-E5PaLZdv4-w,The Kebab Shop,4.0,$$
GbsVsvABa4d3tDJRJdRs-Q,Jack Allen's Kitchen,4.5, 
GZfHsTQAabxdXB_z30h6kw,DeSano Pizzeria Napoletana,4.5,$$$
GQVxN1lJBzD2VFPxFGSx0Q,Mama Kong Cambodian,5.0,$$$
GJbJS_urD9jS-T4jIFeLMA,LOVE 312 Pizzeria & Wings,4.0, 
G6_o1h3cm7ocJK-To1HWew,Pho Please,4.5,$$
G6TBNN4EEVzuYsVJovn32Q,Shuck Me,3.0,$$
G6SS0TavTv7pTy4vBVxWZg,Louisiana Crab Shack,3.5,$$
G5TwHwnqCO6HKqKGhrUiyQ,Tokyo Sushi & Ramen,5.0,$$
G39Atee-jAK_LWAkaWSL3g,Stinson's,4.0,$$
G-JE24OpVIfW0C818k-1Cw,Sunny's Backyard,4.5, 
FwopFLgTfaAMecnvThYRBg,Delucca Gaucho - Austin,4.0,$$
FwO183blfDg8g6sFv-NTsQ,15th Street Cafe,3.5,$$
Fuv7Apt32H5_ihp0qDEbAg,Arlo Grey by Kristen Kish,4.0,$$
FqWMOQ0WbVZ55Y3sS1ulhQ,Veracruz All Natural,4.5,$$
FpyyZkQ2zr7zUvhjDwSTcQ,Biscuits and Groovy,4.0, 
Fdn-JblBEB_3z856yLjlMQ,East Side King,4.0,$$
FcnPDdXx_Y1MdB-zc1lVeA,Nasha,4.0,$$
FbZLY5XASP9phByStRTSaw,Doc B's Restaurant + Bar,4.5, 
F_FIr4d9RQNQQY4csobTkg,Cava,4.0,$$
FZ3M3K7yIvIj770TE4JpKw,Oma's Kitchen,4.0, 
FWppPI6i6GJ1EXtT7U3G4Q,Vaquero Taquero,4.5,$$
FVANupKYOw0gcAF7J6bebQ,House of Three Gorges,4.5,$$
FLtSrMIowk2nnBSPDZTHWg,Gabriel's Cafe,3.5,$$
FCDU2f5YXSa0F5cxoMcA8Q,Nixta Taqueria,4.5,$$
F6b_O4-wtd3956YOvAoerg,Hi Hat Public House,4.5, 
F6JdjM5d_Eok5tVnq1fmJg,Sweet Chive,4.0,$$
F4qWfjoGGUJ7ioVySu9org,Mary's Cafe,4.5,$$
EwUahd4SYKdPH1p1Cpe5fg,Hyde Park Bar & Grill Central,3.5, 
EulwNBngDrkPvduuBJnPZw,Yard House,4.0,$$
ErpJa6jMQMDlbyyNn34Ofg,Josephine House,3.5,$$
EqglrfjYcSJeMVSZJBoQyg,Curry Up Now,4.0, 
EoIJZMBqFwX-TNAj6rmctg,Ichi Umi Sushi,4.5, 
EnHurlCwKl-j3EDnFU8oxg,Sa-Ten,4.5,$$
EiG06LHu__5TZIZA2e72pQ,Rosewood,4.0, 
Ed7It9_4WWBhEizUe0YH_A,Lick It Up - East Austin,3.0, 
Ed1Z0XLEhZa0wn_kPUoXGA,Uncle Nicky's,3.5,$$
EaHJ9kb6XTIQqddyAFdf-Q,Gather & Forge,5.0, 
EPkf96UcG2W3ttlQphWUGQ,la Barbecue,4.5, 
EM2xvBhMvOhCDmS3eZi0Vg,CARVE American Grille,4.0,$$
EL3aPVjzslO3qV2JRzvcXQ,Royal Fusion Indochinese,4.5,$$
EKQMAqLW1rUfe8yY5YDQXg,County Line On The Lake,3.5,$
EDvNWxQj95QWwzUdjgezmw,Cabo Bob's Burritos,4.0,$$
E9DUNswqkV6QcC69G-HCwQ,Chosun Korean BBQ,3.5, 
DzrgzDDKSpACYWW3yKSt7A,Oseyo,4.0, 
DxPyYqvyatW9Eg1v7-hn8w,The Happy Lobster Truck,4.5,$$
Do1ne8UpfPPKnyYOQ3spDQ,Freddo Atx,4.0,$$
Dmh22kDwRzR-Er6aN0h01A,Fair Game Italian,4.5,$$
DirIhq4yh5EcQkMhldIPXw,Mour Cafe,4.0,$$
Dh8R00m1wcCsUcm-Sflmlw,El Sunzal Restaurant,3.5,$$
Dc96Pu8n9FRIIMPW3HPGcw,i Fratelli Pizza Downtown Austin,4.0,$$
DbtJzD09fddmT861qbMo-w,Fat City,4.0, 
D_roN564Wq-4pHAsgjS0cw,Ali Gyro Halal,4.5,$$
DSQCRlBZ_oy4kyTzqDfb9w,Dean's Italian Steakhouse,4.5, 
DQu-9yItu2woAx-UBUzivQ,Micheladas Cafe y Cantina,3.0, 
DNM2CWwf0UzMpze0tsKStQ,Het Say Vietnamese Kitchen,4.5,$$
DKfTvXgkETrJSjnIBXgRmQ,Amorcito Taqueria 2,4.0, 
DJXOsYCWc0nMfBVUUy6JHg,Pollos Asados El Norteño ,5.0,$$
DFc41Dq67bPB7hYqIA3-vQ,ATX Gyro,4.0,$$
D30TE3714icySFIrXj6TsQ,Milano Cafe,4.0,$
D1ftLE7rb08zCZnB2hgP-Q,The Pitch,4.0, 
D0a-5tvB43JItaD0cvImhA,MezzeMe,4.5,$$
CxDq-fQN3c3g29So1NPY-A,Love C Spot,5.0, 
CtEGObFKWrjoCw5yh3Nj5w,Hopdoddy Burger Bar,4.0,$$
CqOkl94q9ttvYNWIITA8ow,Swift's Attic,4.0, 
Ckz47uJv1Xi91yX23dcdiA,Revolucion Coffee Juice - Austin,5.0,$$
CjvV9PzdSOk7gapnwS1Xww,Texas Chili Parlor,3.5,$$
Cipqsy7Fdnt9IiglUxx2NQ,Jjim Korean Braised BBQ,4.5,$$
CgZfMVFv0ilEDZbH06apyA,Tacodeli,4.0,$$
CfXB2vQ0_wLzwhVUpkj-XA,Burrito Factory,4.5,$$
CXnwchIvuOkMVgROiwoz5w,UTea Pho,4.5,$$
CXP_w8XFHyg6hlzFfKxBSA,Sopa De Fideo,5.0,$$
CLsofV1elOTsbMYmKBIUxA,Phoenicia Bakery and Deli,4.0, 
CLcRsv9px0tbBkPkRN5qBQ,Otoko,4.5,$$
CGMoxmSPGP7Y0ueRYsi_nw,Commons Cafe,4.0, 
CAVtUByBO6JOY_krzrlfbw,El Arroyo 5th Street,2.5, 
C9QXRfi43sYP5lXkNGrM7A,Lazarus Brewing,4.5,$$
C4U77PiL7d_Z22LCzOpRPA,Kerbey Lane Cafe - Mueller,3.0,$
Bz-NZ-2Dx6pztO0nvfD3JA,Nori,4.5,$$
BtlzDIZ5RJePAae_hklVlA,Jefes Street Tacos,4.5,$
BrZmt_v4Gevh6fhzeec1ag,Las Perlas,4.5,$$
BqmXzVm9klKNfy0HjmD-jw,Honest Mary's,4.5, 
BkJtywTAG-a9fU6rdaL6UQ,Scholz Garten,3.5,$$
BfV6SKodpsxWpHQ3qdvz8A,Art and Joy of Nutrition,4.0,$
BeaMTjBLSpNYzAol4fuq8Q,Bob’s Steak & Chop House,4.0,$$
BdsDcyOCcniu1WlOr32daA,Mi Madre's,4.0, 
BdnhQ8TSNrJpaG89CFf-KQ,Civil Goat Coffee Co,4.5, 
BcnoKR1af6HBjp065HjlHg,Epicerie At The Contemporary,5.0, 
BblMorwP68gRDu38X5Q6FA,Nifty Fifty Diner,4.5,$$$
BbDujOZvq3OjgsRROtaiDg,Wholly Cow,4.0,$
BRWzmqOKqprWdnA3Eh0s_g,The Mighty Cone,5.0,$$
BRPcQEdlla9YaM4TPqkYrQ,Hoover's Cooking,3.5,$
BQZ6_qTCYHu_SO1eXyKArg,Taqueria Anyeli,5.0,$
BHZ9puL8YuHE-YEdkmxH-g,Canje,4.5,$$
BCaTdIxMsFDw3MK4iy_b7w,Fairways Cantina,4.5,$$
BBdQ6_zUotQE4FPpOihq4g,Dosa Shack,4.5,$$
BAXBQd9yAiSU_wmZb5mWjg,Maiko Sushi,3.5,$$
B3FleeBQX8tsgBhMwdFXLQ,Biderman's Deli,3.5,$$
AsYbCd5d7TtIZEWIL5VhOw,Roaring Fork,4.0,$$
Arkwh6sIktiIjimtIiONXg,Lutie’s Garden Restaurant,4.0,$$
AqhAJk1OyupIaYjg0JpZlA,Chago's Caribbean Cuisine,4.5, 
Aci3rT2TKqUm7cy7taAXQA,Luck’s Wagyu Burger Shoppe,2.5, 
AcFt364BrHyMu3VrSCKMOw,Salty Sow,4.5,$$
A_RD7-tOgNKQjxgTxlaoZw,Capriotti's Sandwich Shop,4.0,$$
AWGRRRSaxAHI1zeWYb06sg,Drink Well,4.0,$$
ATNVRZWUxp613GiHGsoA8A,Tony's Jamaican Food,4.5, 
APIwyhf7gtW9ZBmnUVBpJg,Uroko,4.5,$$
AMM36tDkea1sn8bntzyRkg,Aviary Wine & Kitchen,4.5,$$
AEzUnBajBmZS6-v2spaZDA,Project Pollo,4.0, 
AAkz8Wd-qbuMSzomqND4iQ,Local Slice II,4.5,$$
A5KaF3Cl2MLN_9ycJ_m6rg,BD Riley's Irish Pub at Mueller,4.0,$$
A3uT8nRgWiIaecEQz32wWg,K BBQ,3.5, 
A3K4Uk9l5dB5XV6f4J6fAA,Le Bleu,4.5,$$
9pJAjoekyFksZ6fbpZ7GTw,The Kebab Shop,4.0,$
9g_mBYZ_UjG9ttLu8-pPKA,Yard Bar,4.0, 
9fOJxRpRgObO_hsaySDc2w,Yaya Cafe,3.5,$$
9fB8oF-KDQ1Hd67ieii0VA,Downtown Burgers,4.0, 
9e5lIroM6Eyd4aS26pWWEQ,Cooper's Old Time Pit Bar-B-Que,4.0,$$
9dDox8y6HogwzfCIkMdMKA,The Soup Peddler,3.5,$$
9WN5fwLqZsskqrX9N8ucwg,Tso Chinese Takeout & Delivery,4.5,$
9TuZ2N9p6m0nnoXy1ZHeyA,The Grey Market,4.5,$$
9LPV0rSMkiPocCeOMB-DMA,Quality Seafood Wholesale,3.5,$
9Eo8MaPFZNZvb3YsMTx0BA,BBG’s,3.5, 
99knW4T5Au5LjvvnbR5tZg,Swedish Hill,3.5,$$$
97bK6WFJdJzy0oNNb3X6Hg,Fixe Austin's Southern House,4.0, 
8yWbiBG_nGm9XGklAtssUw,The Backspace,4.0, 
8wgUgGksOCvjys961NVQYA,Ahhan Lao Kitchen,4.5,$$
8sEbM_ACHUbBsZ-TRZFXWA,Home Slice Pizza,4.5, 
8rzbKH9qN9XkateqUZjXeA,Shishman Mediterranean Grill,4.5,$$
8p9ownb2KK7Q9ZTRCmTktQ,Birdie's,4.0,$$
8oOZMeMg8it2ly0meXp-lw,Maru Japanese Restaurant,4.0,$$
8jtepl1dAn8xS4ytEDbPfQ,Oh K-Dog,4.0,$$$
8grfsTIxnCiQrRoV22XBCg,Tender Thighs,4.5, 
8fNk1tcxZpkVAs1_hqebLA,Higher Ground,4.5,$$
8WJmOq0K_AEc4Ey5UcfcDw,Jan Chi Korean Cuisine & BBQ,4.0,$$
8V_dRI_nuqAmRtzm5bB5vw,Chef Choo,5.0,$$
8RYbH0-_Cjn6jAcp6SCyDg,Tillery Kitchen and Bar,4.0, 
8RPIjybMh5Eg90eVsv3fRQ,Via 313 Pizza,4.5,$$
8RG6_egQd3dmtxbFzS02Ew,Sushi Japon & Hibachi Grill,3.5,$$
8Qqo9RrHiADyMNee5Hy9YA,Visconti Ristorante & Bar,3.0,$
8GusTJDbsUChxDYP677npg,Cannone Cucina Italiana,4.5, 
8Gs5Civ8LpPKu_lc-bmn4g,Austin Daily Press,4.5,$$
8GfPt82px0MYo9McLIYH7Q,Techo Mezcaleria & Agave Bar,4.5,$$
8DeWaxQ0As_wzhutv09Y5Q,Poke House - West Lake Hills,4.5,$$
87hJQ9EQK1sG8MWR-kybAA,House Park Bar-B-Q,4.0, 
82wZS_E9g1FTOso5cdsLzw,Pho Craft,4.5,$$
81WXhq9j5yL2r3EB_8R6eQ,Love Supreme,4.0,$$
8-AimDTJHrF8c-Dkl1K5Cw,Blue Lacy,3.5, 
7kJab3nyBrRTfMMZMlgiSg,Este,5.0,$$
7iU8fc5BcQi7BJNBOWjKkA,Aster's Ethiopian Restaurant,4.5, 
7gTT5jtFAAsohzhQY9SUbw,sweetgreen,3.5,$$
7_keO0r3oVj6hllofDUWfw,Stella San Jac,4.0,$$
7ZU9DwctpN_tkC7EOd3C-Q,Ramen Tatsu-Ya,4.0, 
7V7FS56FtsLJHKSAn6ZlWw,Forthright,4.0, 
7SblTRJY2unu553HwbC2qA,Glory Hole Hot Dogs,4.0,$
7PZKJbMakI_WSbgA-DJUHA,Bangers Sausage House & Beer Garden,4.0, 
7IuVOU8gHGmpG9xydhgxqQ,MUSE Fusion+Sushi,5.0,$$
7HD_ghJ7YH2NHYqmrWs2Bg,Mason's Famous Lobster Rolls - Austin,4.0,$$$
7CXy5h3u_aWsK9qov6B4rg,Xian Sushi and Noodle,4.0, 
7CAmnDv0ITSs6Lh4pZWd4Q,P Terry's Burger Stand,3.5,$$
7AFctw607BF-0gBxVht3Cg,Hoboken Pie,4.0,$$
76osOZ3gPv9a2NaYlXXieQ,Russell's Bakery,4.0,$$
75dsYFB3QDE8dOBGSG7qLQ,WAT ZAB Thai Food,4.5, 
75C9OD6S3Ov7b0U3m9KWNg,Papi's - Food Truck,5.0,$$
6wk-k-YJnU3rUM6JZrJsag,Eighteenth Over Austin,3.0, 
6oIKOIJmrSxv1MjVzg_hXQ,The Peacock,4.0,$$$
6nNseNdeC6QTKa6XloL3zg,Counter Cafe East,4.0, 
6mZzxNh9IXMrNACtxMqrKA,Chicken Rice Joe,4.0,$$
6e3UQmbqFLGWWDCI5VczCA,Hopfields,4.0,$$
6cpyParNNfo2c0XFm4caVA,Old Thousand,4.0,$$
6cIzTqQGthBctMWzxLHwRQ,Nervous Charlie's,4.5,$$
6NXzlHMBzNVz3BvVe8XhBA,Texas Sushiko,4.0,$$
6KVNVyUXZaRwYsX6UJloew,Sassy's Vegetarian Soul Food,4.5,$$
6IeiU0e8EhxO-MnVdkuUeg,Azul Tequila,3.5, 
6HVR1WjB9eejnIx8ZLFfAw,The Mediterranean Chef,4.5,$$
6Gxs1T1lJJ1PlMWZIcEw_g,Oakmont Food,4.0,$$
6A-flzVZVs1l-Jsl4tRvjQ,"Snooze, an A.M. Eatery",4.0,$$$
67bZm-KQQCwSat7_jmiVbA,Hopdoddy Burger Bar,4.0,$
5ufHVEdJNPypB4v_UhUUUQ,Patrizi's,4.5,$$
5suI6QbrzMAj_AAbv8pSHw,Tacos Yo Soy,5.0,$$
5mN74WEFRE3JEq1Mo_TR2w,G Bar and Bistro,4.5, 
5fI9ZzqzRLnMNYoTMjUGGQ,Granny's Tacos,5.0, 
5XuXgPHTJsT4D4MsQfHfZA,China's Family Restaurant,3.5,$$
5XENCwJ9Xgw8BsfuWqOsSw,The Buzz Mill,4.0,$
5Kklp6a7lggH2XQ2MSYANA,School House Pub,4.0,$$
4sfF1paqVfXvzAIdzs6MQg,Uchiko,4.5, 
4mtF2og-yXj7GbGgJNxq0w,Corinne,4.0, 
4htpnlDZ6zAfpvEwPw1CDQ,Eddie V's Prime Seafood,4.5,$$
4h-O6wPWswMbVowT_lYn9g,Tiki Tatsu-Ya,4.0, 
4gnBkp2K1d2G3Z9a3LpyHw,Kolache Factory,3.0,$
4gjL09PPT5UI5fmnVxFHcQ,The Peached Tortilla,4.0,$$
4PHzFtfQc2jeHAQqr1DF9A,Cooper's Sandwiches,4.5, 
4Jsmb92lYx8Djk4QBk6aXA,El Tacorrido,3.5,$$
4JNsfaP4ILEuzidhbPgvRQ,Patrizi's,4.5,$$
4CH5ZOCr8gyS7GZjhpWyhw,Cafe Nena'i,4.5,$$
45vfiLuU8gWemnSdedp4Dg,ThunderCloud Subs,3.5,$
451QGZH6G-Skz39C8YhI2w,The Cavalier ATX,4.0, 
44HXTq9H_Ndf9j2aEvBUog,The Caribbean House,4.0,$$$
43N-TKU1m-y4FljMA0VXCg,Culinary Dropout,4.0, 
42ox4yc8n5uMonIiTzJ59A,Favorite Pizza,4.0, 
4114gDfZgTfYgfIrOb0wVw,Ze Crêpes,5.0, 
4-RkxDM200qfSG756uVmtQ,Péché,4.0,$$
3z_-Hl2lbpZrvbmAIhCLrA,KAPATAD Kitchen and Cafe,4.5, 
3rMQRtMfPJsleM2EiyAuZA,Chinos Fusion Hacienda,4.5,$
3k-PzE0bxllr9glPURSYtw,Roppolo’s Pizzeria West Campus,4.0, 
3gYruqSQnMtCmF2DiXcEOQ,Vespaio Ristorante,4.0,$$
3RNWTBtAB-z9PFvfGmGPGQ,Cypress Bend Cafe,3.5,$
3O8mXYEvciU4GZN_kj9xEA,Conscious Cravings,4.0,$
3IVDn28zKLnE-lysdKpLiQ,Maie Day,4.0, 
3IIRO6usYMtbbH3maqNfaw,Main Streat Food Hall By H-E-B,4.0, 
3G_4t-rOeD7BI2FjDk5Fcw,Hook & Reel Cajun Seafood & Bar,4.0, 
3AGDyk6AdnCAxY8Am2XqAw,Golden Tiger,4.0, 
3A2eguX_oB2eTzfI56szxA,Malibu Poke,4.0, 
2zOmcPu717eU83nbRAWSBA,Bummer Burrito,4.5,$$
2vppZx0rTDZtCzw-NljdRQ,The Capital Grille,4.5, 
2shvbGrTkfk4xk6BVWjZug,Taco Bronco,4.5, 
2igcGsUhljnmCrtzpxWv5Q,Mezze Cafe,4.5, 
2gd5FJ6ACgaKp9jq2sI-aA,La Peña,4.0, 
2eqeqTu3PXhWizQ0M02W0g,The Git Out,4.5, 
2ZtOJ-vj1e9C1CmCm_s40Q,Delmy's Pupuseria,5.0, 
2ZZ-_nSKBkKrww0TrEq2Kw,The Brewtorium Brewery & Kitchen,4.0,$$
2ZVSDvbFK2DNoZb9x7NlfQ,Chi'Lantro,4.0,$$$
2WEp9uJef3bO9osNNInLCA,K-Bop,4.0,$$$
2S22pC2eSYsYB_fG89EJdA,Halcyon,3.0, 
2Ku5f8dfaGU_ldkxcMWKgg,Kabobzi Mediterranean Grill,4.5, 
2EnKNyqXVTAsG5V9VJNxxg,Tiny Boxwoods,3.5, 
28RuK9yoG0k0LLGM7fqKQQ,Lin Asian Bar And Dim Sum,4.0, 
27FZ6pNit3mbKA0MysZgaQ,Tatsumi Sushi,4.5,$$
23am0wy8T8lCta44bVX43w,Lua Brazil,4.5, 
1sErmQCcWiLcUeey-FSwPQ,Smokin Beauty,4.5, 
1p-aO3o-4BGVUNmsYlC0Kg,moonbowls,3.5,$
1o0s8X_RBMr4dMlMaiXCZw,IL Saporis,4.5,$
1mgAhLHRWJjJkJ2GbwrWUA,La Cocina de Consuelo,4.0, 
1hJEqPHe65oJmO6scIKvKA,Tumble 22 Chicken Joint,4.0,$$$
1ZRVWvPCnrTnJrM_CZYsyw,The Story of Texas Cafe,3.5,$$
1VVujesB-UmR_84B5CBiOA,Biscuits + Groovy - South,4.5,$$
1NpVlW3O_vWQQy6cxLFhtA,Food Food,4.0, 
1Eq16r_MSnvPsnIykBdy9w,Home Slice Pizza,4.5,$$
1Aj548eb5DPb9fIF2HW32Q,Abel's On the Lake,2.5,$$$
17lU7tX9Gu9R0F_HNUjiKA,Posse East,4.0,$$
15NX5oCQql7960hlK2Yb_w,The Meteor,4.0,$$
1-0Jhx0QpzPk9cGcMYRUDA,Halal Bros,4.0,$$
0wljsy6_0HIni0pooc5ozw,Mr. Natural,4.0, 
0trONnT5XH95V5fFWiJH5Q,68 Degrees Kitchen,4.0,$$
0rA6v-w_bt8jrzHcxDGiKg,TIFFANYS,4.5,$
0oXuts9ew-_LN0F5c9M1YA,Phil's Icehouse,4.0,$$
0m9yum2bqMCQtxbHuQbQFw,DEE DEE,4.5,$$
0lgGW93HYeVqrTTx9d3gUA,Chi'Lantro,4.0,$$
0WRiIU01pJT0RuYn8zyC2g,Ned Granger Cafe,4.0,$$
0TlNyhbIT8AUXtTtimhrHw,Mr. Sandwich,4.0,$
0MUqeuaO1TB9HzlAPO0efg,Shawrma Halal,4.5,$
0JUlrelFKPciBVcZANKF4w,Halal Wings,4.0,$
0JU2Tn6GxMQBh6YABrESEw,The Chuckwagon Cafe,5.0,$$
08wLD2pUdZV73zHywMpREA,Musashino Sushi Dokoro,4.0, 
00K-UTXqg9iDoMXB3QXh0A,Austin Taco Project,3.5, 
-qjkQHH-5O8BAztc6udOuw,Tacodeli,4.5,$$
-pv0wXx1s0viMg8CH7x-6g,Papa Joe's Tex-Mex,4.5,$
-pZltwxs2RBzQFFcb-O55A,"Old Thousand II - ""Dope Chinese""",4.0,$$
-kr42hgTb3_SlQqW5xxywQ,Bull And Bowl,3.5,$$
-kf2oeqlpQ_fnyoXoV_vYg,The Meltery,4.0,$$
-jxEILUSqsWL0Oo7cQDfVg,Sazan Ramen,4.5,$$
-gPfDIdch1QNPsMLEom5Mw,Tommy Want Wingy,4.0, 
-dNzrtdgR9v5kbqxw0ZKoA,Gabriela's Downtown,4.0,$$
-b8Rt2z847RCSdvrbuf-qQ,POCHA IS BACK,5.0,$
-aQPo-alCIwsFrYKJmSG8w,Local Foods,4.5,$$$
-Xq6ruGk0U3inDf7BOX1YA,Jade Restaurant,4.0,$$
-XOAzMXCWX8BvxFAcrfpTA,Sushi Hi,4.5, 
-Vo99SY_sGvpNCkLMHfeBg,The Austin Club,4.5, 
-VAdzjb7dHuL5ggeb_tX2Q,Ciclo,4.0,$$
-UuD2pRs9_ifSw8gZfu9TA,Idle Hands,4.0, 
-SDojAquZttc1TpWcsux5Q,Choo,5.0,$$
-JqrUI1y8jaUQma7t2ShUA,Revelry Kitchen + Bar,4.0,$$
-IIvmjoEKa9Trhf4OxzJeA,Caroline,4.0, 
-H_cbWJ6Wqe5lxRm4l7h_w,Spread & Co,4.5,$$
-ED6173Uda-AiAWqEHIhuA,Cafe 605,4.0, 
-Ce8p148xb0-4dv_3zwm3A,Cabo Bob's Burritos,4.5, 
-BBSLCjzw3i2PHuwJ_dabA,The County Line,3.5,$$
-B7FSfGvyIgbuANlVWMtIw,Oddwood Ales,4.5,$
-85pDrVcAdzNK55bFpintg,Shoal Creek Saloon,3.5,$$
-6obgh8LkS9L0Ww1zHdTNg,Galloway's Sandwich Shop,4.5, 
-0P5rq9DlJgXnfB320Fx9w,Greenade,4.5,$$
